Code;Désignation;Stock
CER-004;CeraVe Sérum Rétinol Anti-Imperfections 30ml;1
CER-005;CeraVe Sérum Hydratant Acide Hyaluronique 30ml;0
CER-001;CeraVe Crème Hydratante 340g;5
CER-010;CeraVe Gel Moussant Purifiant 236ml;2
CER-002;CeraVe Mousse Nettoyante Hydratante 236ml;8
CER-007;CeraVe Baume Emollient Corps 340g;6
LRP-004;La Roche-Posay Hyalu B5 Sérum 30ml;0
LRP-006;La Roche-Posay Retinol B3 Sérum 30ml;3
LRP-010;La Roche-Posay Mela B3 Sérum 30ml;4
LRP-007;Toleriane Double Repair SPF30;1
LRP-002;Toleriane Hydrating Gentle Cleanser 400ml;9
SKC-001;SkinCeuticals C E Ferulic 30ml;1
SKC-002;SkinCeuticals Phloretin CF 30ml;3
SKC-003;SkinCeuticals H.A. Intensifier 30ml;0
SKC-009;SkinCeuticals Discoloration Defense 30ml;5
SKC-004;SkinCeuticals AGE Interrupter Advanced 48ml;7
VIC-002;Vichy Liftactiv B3 Sérum 30ml;2
VIC-004;Vichy Neovadiol Meno 5 Sérum 30ml;4
;Nuxe Huile Prodigieuse 100ml;3
;SVR Cicavit+ Crème 40ml;8
